query,actual_output,retrieval_context,expected_output,context
What are the main mechanisms identified for anodic extracellular electron transfer (EET) in electrogens like Geobacter and Shewanella?,"The main mechanisms identified for anodic extracellular electron transfer (EET) in electrogens like Geobacter and Shewanella are direct electron transfer and indirect EET. Direct electron transfer is performed by direct contact between the electrode surface and cellular components of the outer membrane, usually cytochromes. Indirect EET includes all forms of electron transfer between the electrode and organisms mediated by soluble electron carrier molecules.","[{'page_content': 'trosynthesis especially requires more knowledge about\ncathodic electron transport and extracellular electron\ntransfer (EET) capabilities of model organisms for produc-\ntion such as E. coli .\nFor anodic EET of electrogens such as Geobacter and\nShewanella two main mechanisms are identified: direct\nelectron transfer, which is performed by direct contact\nbetween the electrode surface and cellular components\nof the outer membrane (usually cytochromes), and in-\ndirect EET, which includes all forms of electron transfer\nbetween electrode and organisms mediated by soluble\nelectron carrier molecules [12,13]. First studies on the\ncathode confirmed the possibility of donating additional\nelectrons to the microbial metabolism by both EET\nmechanisms and its potential to increase production\n[5,14-17]. But it was also found that the involved mecha-\nnisms for electron uptake differ significantly from the\nknown electron donating mechanisms [10,18,19].\nRegardless of the major carbon metabolic pathway the', 'size': 0, 'metadata': {'source': '/tmp/Kracke-Krömer2014_Article_IdentifyingTargetProcessesForM.pdf__jjh8xpfy', 'page': 1}, 'chunk_id': 'b432ffa1-4ef5-44bf-bf86-b1778352093c', 'document_id': None, 'page_content_hash': '88f187ed3fa115750e013868d0726af5'}, {'page_content': 'TIBTEC 1381 No. of Pages 10\nOperational Strategies for EF\nThe effectiveness of the EFS will mainly depend on (i) interactions between microorganisms, (ii)\ndissolved redox couples of the medium, and (iii) interactions between microorganisms and the\nsurface of the electrodes through cellular mechanisms of extracellular electron transfer\n(EET). Several strategies have been explored to ensure EET in EF systems, as summarized in\nTable 1 .\nThe use of pure cultures of electroactive microorganisms, such as bacteria from the Geo-\nbacteraceae orShewanellaceae families, is of great interest because of their ability to carry out\ndirect electron transfer via the WE [38]. Such microorganisms are able to grow as an electro-\nactive bio ﬁlm and thus interact directly with the WE. However, few microorganisms, such as\nClostridium pasteurianum [20], are currently known to be both electroactive and able to\nconsume a wide range of carbohydrates or alcohols [11,39] . To address this issue, co-cultures', 'size': 0, 'metadata': {'source': '/tmp/moscoviz2016.pdf__mchdgm52', 'page': 2}, 'chunk_id': '725d1e42-7daf-4cfa-8d0f-300abefad8bd', 'document_id': None, 'page_content_hash': '8c57f7e7a87913839fc4d4485bbc8d76'}, {'page_content': 'performed.Extracellular electron transfer(EET): a mechanism that allows\nelectron transfer from amicroorganism to an extracellularelectron acceptor (anodic EET), orfrom an extracellular electron donorto a microorganism (cathodic EET).Interspecies electron transfer(IET): mechanism that allows electron\ntransfer between different species of\nmicrobes. Transfer can be either\ndirect or mediated by electronshuttles.Microbial desalination cell (MDC):a BES used for desalination.Microbial electrolysis cell (MEC):a BES in which substrate oxidation iscombined with the addition of a smallvoltage to enable hydrogen gasevolution or other energeticallyunfavorable biological/chemicalreactions at the cathode [7,58] .\nMicrobial electrosynthesis (MES):a system employing microbiallycatalyzed electrochemical reactionsto transform a substance into adesired product [59].\nMicrobial fuel cell (MFC): a BES\nthat converts energy, available in a\nbio-convertible substrate, directly intoelectricity [5].', 'size': 0, 'metadata': {'source': '/tmp/moscoviz2016.pdf__mchdgm52', 'page': 1}, 'chunk_id': 'd2da59a7-73c7-47c3-be86-4eb03641475f', 'document_id': None, 'page_content_hash': 'b19899c9973e334ef97f9c77d607b034'}, {'page_content': 'the theory about cathodic EET generally assumes that all\nelectrons supplied by EET enter the cytoplasm as negative\ncharge and catalyse intracellular, proton consuming reduc-\ntions. Simultaneously, the proton consumption would lead\nto a proton gradient across the inner membrane that\ndrives ATP synthesis [5]. But is this the only possibility?\nObserved is poor growth in very thin biofilms on cathodes\n[15,18], which seems to be surprising if cathodic EET\ncould deliver redox power as well as energy (NADH and\nATP). So the questions are: Are the protons involved in\ncathodic electron transfer generally available for ATP\ngeneration? And does electron transfer towards an anode\nalways occur by the respiratory chain which thereby\ncreates a proton gradient? What other ways of EET could\noccur and how would this impact production?\nAim of this work is to present a useful analysis tool,\nwhich is able to identify beneficial production processes\nfor microbial electrosynthesis, and at the same time', 'size': 0, 'metadata': {'source': '/tmp/Kracke-Krömer2014_Article_IdentifyingTargetProcessesForM.pdf__jjh8xpfy', 'page': 1}, 'chunk_id': '4be94a17-8b68-4ed6-8cee-69f3df51ebae', 'document_id': None, 'page_content_hash': '9be2454646e1981fe84748be64ce5e5a'}, {'page_content': 'published electrically enhanced fermentations display in\ngeneral proof-of-concept-studies, interesting substrate\nand product combinations still have to be investigated.\nThe biggest challenge to drive microbial electrochemical\ntechnologies beyond fundamental studies is the opti-\nmisation of the microbial catalyst. Therefore the actual\nmetabolic processes of microbe and electrode interaction\nneed to be unveiled as they will not only decide about\nthe choice of organism but might also play an important\nrole for the achievable process benefit.\nThe research field of microbial fuel cells studies\nmicrobe-electrode interactions for many years. While key\nreactions could be identified a thorough understanding of\nthe metabolic response to electrical enhancement has not\nbeen achieved yet [10,11]. The focus of microbial elec-\ntrosynthesis especially requires more knowledge about\ncathodic electron transport and extracellular electron\ntransfer (EET) capabilities of model organisms for produc-\ntion such as E. coli .\nFor anodic EET of electrogens such as Geobacter and\nShewanella two main mechanisms are identified: direct\nelectron transfer, which is performed by direct contact\nbetween the electrode surface and cellular components\nof the outer membrane (usually cytochromes), and in-\ndirect EET, which includes all forms of electron transfer\nbetween electrode and organisms mediated by soluble\nelectron carrier molecules [12,13]. First studies on the\ncathode confirmed the possibility of donating additional\nelectrons to the microbial metabolism by both EET\nmechanisms and its potential to increase production\n[5,14-17]. But it was also found that the involved mecha-\nnisms for electron uptake differ significantly from the\nknown electron donating mechanisms [10,18,19].\nRegardless of the major carbon metabolic pathway the\neffect of electrical enhancement is typically assumed to\nresult in an increase or decrease of intracellular redox\nfactors such as NADH or NADPH [8,11]. Electron trans-\nfer towards an anode is assumed to be coupled to energy\nconservation where the electrode functions as solid final\nacceptor during respiration [20,21]. However the exact\nratio of electrons and protons that are transported re-\nmains purely speculative. Furthermore, it is not known\nby which mechanisms non-metal-respiring organisms\nmight transfer electrons to an anode and whether that\ntransfer promotes ATP generation or not [22]. Even\nthough there is even less information available about\ncathodic electron transfer there is a general concept pro-\nposed that assumes the creation of a proton motive force\nby intracellular electron consumption, which is available\nfor ATP synthesis [5,11,23,24]. In mediated electrically\nenhanced fermentations of Actinobacillus succinogenes\nPark and Zeikus observed an electron flow from the\ncathode into the product succinate [25]. Simultaneously,\nthe electron transfer via the reduced mediator NeutralRed and the proton-pumping fumarate reductase complex\nofA. succinogenes induced proton translocation and there-\nfore increased ATP synthesis [26]. While the activity of\nthe proton pumping fumarate reductase of A. succinogenes\nis most likely solely responsible for the reported increase\nin proton flux through the ATPase complex, nowadays\nthe theory about cathodic EET generally assumes that all\nelectrons supplied by EET enter the cytoplasm as negative\ncharge and catalyse intracellular, proton consuming reduc-\ntions. Simultaneously, the proton consumption would lead\nto a proton gradient across the inner membrane that\ndrives ATP synthesis [5]. But is this the only possibility?\nObserved is poor growth in very thin biofilms on cathodes\n[15,18], which seems to be surprising if cathodic EET\ncould deliver redox power as well as energy (NADH and\nATP). So the questions are: Are the protons involved in\ncathodic electron transfer generally available for ATP\ngeneration? And does electron transfer towards an anode\nalways occur by the respiratory chain which thereby\ncreates a proton gradient? What other ways of EET could\noccur and how would this impact production?\nAim of this work is to present a useful analysis tool,\nwhich is able to identify beneficial production processes\nfor microbial electrosynthesis, and at the same time\nenables insight into the energy conservation possibilities\nduring anaerobic electrically enhanced fermentation.\nUsing in silico approach to calculate the metabolic impact\nof different electron transport routes during electrically\nenhanced fermentation enables the evaluation of different\nmechanisms while current knowledge gaps remain. Pandit\net al. recently presented a first computational approach\nthat characterized the general role of bio electrosynthesis\nin chemical production using a genome scale metabolic\nmodel of E. coli [24]. Within their model it is assumed\nthat cathodic electrons enter the metabolism and directly\nreduce NAD+to NADH. Analogous to the theory dis-\ncussed before the authors precariously assume the crea-\ntion of a proton motive force that drives ATP synthesis\neven though the fumarate reductase of E. coli is, unlike\nthe one of A. succinogenes, an o n - p r o t o n - p u m p i n ge n -\nzyme [27]. Not surprisingly they report an increase of\nATP yield caused by electron supply. We regard extracel-\nlular electron transport coupled and uncoupled to ATP\nsynthesis and discuss the properties of both options to\nboost the production of various valuable products. Four\ndifferent electron transport scenarios for mediated catho-\ndic and anodic EET are described in the following para-\ngraph and are visualised in Figure 1A and B.\nCathode 1 ( Cat1 )\nMediator oxidation occurs on outer membrane cyto-\nchromes that transfer the electrons into the organism\nand finally onto NAD. Charge-imbalance creates driving\nforce for 1 proton per electron to enter the cytosol andKracke and Krömer BMC Bioinformatics  (2014) 15:410 Page 2 of 14', 'size': 0, 'metadata': {'document_name': 'Kracke-Krömer2014_Article_IdentifyingTargetProcessesForM.pdf', 'page': 1, 'source': 'Kracke-Krömer2014_Article_IdentifyingTargetProcessesForM.pdf'}, 'chunk_id': '818e0a3b-6a86-40e9-95ee-7b8c63f2f17f', 'document_id': None, 'page_content_hash': 'cbf277a012261dafca9e3187c45d7523'}]","For anodic EET of electrogens such as Geobacter and Shewanella two main mechanisms are identified: direct electron transfer, which is performed by direct contact between the electrode surface and cellular components of the outer membrane (usually cytochromes), and indirect EET, which includes all forms of electron transfer between electrode and organisms mediated by soluble electron carrier molecules [12,13].","For anodic EET of electrogens such as Geobacter and Shewanella two main mechanisms are identified: direct electron transfer, which is performed by direct contact between the electrode surface and cellular components of the outer membrane (usually cytochromes), and indirect EET, which includes all forms of electron transfer between electrode and organisms mediated by soluble electron carrier molecules [12,13]."
How does the microbial interaction with the anode change when using the redox mediator ferricyanide compared to not using it?,"The microbial interaction with the anode changes significantly when using the redox mediator ferricyanide compared to not using it. Without the mediator, the interaction between C. glutamicum lys C and the anode is very limited, resulting in a low current of only 0.022 mA/cm^2 after 120 hours. This is equivalent to transferring 4.09 mM electrons, corresponding to the consumption of 170 μM glucose assuming complete oxidation to CO2. 

When the redox mediator ferricyanide is introduced, it facilitates the transfer of electrons between the cells and the anode. C. glutamicum lys C reduces ferricyanide to ferrocyanide, which the anode then reoxidizes, leading to a transfer of electrons to the anode and the development of a catalytic current due to the oxidation of the metabolic substrate. This results in a significantly increased anodic current, reaching maxima of 89.5 μA/cm^2 and 86.8 μA/cm^2 after 29 and 80 hours, respectively. 

In summary, the use of ferricyanide as a redox mediator enhances the extracellular electron transfer, enabling more efficient interaction between the microorganism and the anode, as well as increased current generation in the system.","[{'page_content': ""concentrations at faster volumetric production rates.\n4.1 |How does the anode influence the energy\nbalance in C. glutamicum ?\nIn initial experiments, C. glutamicum lys C was provided with a\npolarized anode at +0.697 V. On the one hand, that voltage is highenough to drive the transfer of electrons from the components of\nthe cellular electron transport chain (Kracke et al., 2015) to the\nanode, but on the other hand, low enough to prevent the abiotic\noxygen evolution through electrolysis of water. However, themicrobial interaction with the anode was very limited, and thereby\nenhanced by providing the microorganism with a mediator,\nferricyanide. The measured redox potential of the mediator was+0.44 V, which is similar to the values reported in the literature(O'Reilly, 1973), and which makes it suitable to support an anodic\noxidation process (Kracke et al., 2015) as recently demonstrated for\nthe anodic respiration of Pseudomonas putida (Lai et al., 2016). Since"", 'size': 0, 'metadata': {'source': '/tmp/bit.26562.pdf__l3fxi7r_', 'page': 5}, 'chunk_id': '8c0bd135-c01e-4880-ba7f-77c4a496ebf6', 'document_id': None, 'page_content_hash': 'aecb811e94ce412cc94932df19258c4f'}, {'page_content': 'alternative electron sink. However, the microbial interaction with the\nanode was very limited (Figure 1a). After 120 hr a current of only0.022 mA/cm\n2was reached, which is equivalent to 4.09 mM transferred\nelectrons (equivalent to a consumption of 170 μM glucose assuming\ncomplete oxidation to CO 2). The approach to enhance the extracellular\nelectron transfer was to provide the cells with a redox mediator, which\ncan be reversibly reduced and oxidized and can catalyze the transfer of\nelectrons between the anode and cells. The chosen mediatorferricyanide, K\n3[Fe(CN) 6] was characterized by cyclic voltammetry\n(CV) (Figure 1b). The CV profile of K 3[Fe(CN) 6] showing clear oxidative\nand reductive peaks confirming that the chosen working electrodematerial (carbon cloth) was suitable to cycle the redox reaction at the\nelectrode. The midpoint potential was calculated to be 0.438 ± 0.002 V.\nFigure 1a shows that K\n3[Fe(CN) 6] mediated the microbial\ninteraction with the anode in a BES at an applied potential of+0.697 V. C. glutamicum lys C reduced ferricyanide ([Fe(CN)\n6]3−)t o\nferrocyanide ([Fe(CN) 6]4−), which was then reoxidized by the anode.\nThis resulted in transfer of electrons to the anode and the developmentof a catalytic current due to the oxidation of the metabolic substrate.The anodic current increased during the fermentation and reached two\nmaxima of 89.5 μA/cm\n2and 86.8 μA/cm2after 29 hr and after 80 hr,\nrespectively, followed by a slow continuous current decrease\nafterwards (Figure 1a). After 80 hr and 119 hr, 19.67 mM and31.28 mM electrons were transferred to the anode, respectively\n(calculations are explained in supplementary material).\nAs glucose was the only carbon source, we hypothesized that the\nelectrons, which were transferred to the anode, are cellular surpluselectrons originating from the sugar being oxidized in the metabolism.\n3.2 |Anodic enhancement of growth and glucose\nconsumption\nAfter demonstrating that C. glutamicum lys C can utilize the anode via a\nredox mediator as an electron sink, we compared the anodic microbial\ngrowth and glucose consumption under anaerobic conditions to open\nFIGURE 1 (a) Microbial electrochemical characterization of the\ninteraction with the anode via K 3[Fe(CN) 6] acting as a mediator ( blue\nline) and lacking the mediator ( red line ). The dash lines represent the\nanodic current density and the solid lines the charge. Data have\nbeen averaged from four biological replicates and the standarddeviations are represented as yellow and grey areas, respectively.(b) Abiotic electrochemical characterization of the mediator(1.5 mM K\n3[Fe(CN) 6]) via cyclic voltammetry (CV) using carbon cloth\nas the working electrode. CVs were done at scan rate of 0.5 mV/swithin a potential window between 0 and 0.8 V versus SHE at pH7.2 and 30 °C\nFIGURE 2 Anodic enhancement of growth and glucose\nconsumption. Time courses of (a) anaerobic bacterial growth and (b)glucose consumption of C. glutamicum lys C in a BES under three\ndifferent conditions: (1) With addition of K\n3[Fe(CN) 6] and poised\npotential at +0.697 V versus SHE ( blue circles ). (2) With addition of\nK3[Fe(CN) 6] but operated under an open circuit ( orange squares ). (3)\nNo addition of K 3[Fe(CN) 6] and operated under an open circuit\n(green triangles ). Gray area indicates time frame when glucose was\nconsumed under condition 1). Data have been averaged from 4biological replicates for each conditionVASSILEV ET AL.\n|1501', 'size': 0, 'metadata': {'document_name': 'bit.26562.pdf', 'page': 2, 'source': 'bit.26562.pdf'}, 'chunk_id': 'cec9c47b-af65-42e9-a688-cc7e8b931b82', 'document_id': None, 'page_content_hash': '4e9b41f8e346dec92a0ff5c87cda59c7'}, {'page_content': 'alternative electron sink. However, the microbial interaction with the\nanode was very limited (Figure 1a). After 120 hr a current of only0.022 mA/cm\n2was reached, which is equivalent to 4.09 mM transferred\nelectrons (equivalent to a consumption of 170 μM glucose assuming\ncomplete oxidation to CO 2). The approach to enhance the extracellular\nelectron transfer was to provide the cells with a redox mediator, which\ncan be reversibly reduced and oxidized and can catalyze the transfer of\nelectrons between the anode and cells. The chosen mediatorferricyanide, K\n3[Fe(CN) 6] was characterized by cyclic voltammetry\n(CV) (Figure 1b). The CV profile of K 3[Fe(CN) 6] showing clear oxidative\nand reductive peaks confirming that the chosen working electrodematerial (carbon cloth) was suitable to cycle the redox reaction at the\nelectrode. The midpoint potential was calculated to be 0.438 ± 0.002 V.\nFigure 1a shows that K\n3[Fe(CN) 6] mediated the microbial', 'size': 0, 'metadata': {'source': '/tmp/bit.26562.pdf__l3fxi7r_', 'page': 2}, 'chunk_id': '56501b60-b10c-473b-a1a1-a96c34cf9cdf', 'document_id': None, 'page_content_hash': '5c4775c4f967b3f32b9745d4d85c4988'}, {'page_content': 'oxidation process (Kracke et al., 2015) as recently demonstrated for\nthe anodic respiration of Pseudomonas putida (Lai et al., 2016). Since\nferricyanide is a hydrophilic oxidant, we assume that it is not able to\ncross the cell membrane (Ertl, Unterladstaetter, Bayer, & Mikkelsen,\n2000; Pasco, Baronian, Jeffries, Webber, & Hay, 2004). Therefore, apossibility is that the mediator interacts with components of the\ncellular electron transport chain located in the cell membrane. Here,\nit is thought that membrane-bound primary dehydrogenases in thecytoplasm, soluble lipophilic molecules in the membrane like\nquinones, and membrane-localized (multi-) protein complexes such\nas cytochromes and terminal oxidases (reductases) play an importantrole to enable the extracellular electron transfer (Hernandez &Newman, 2001; Kracke et al., 2015). Therefore, we discuss the\npotential sites for interaction of ferricyanide with the respiratory\npathway of C. glutamicum .', 'size': 0, 'metadata': {'source': '/tmp/bit.26562.pdf__l3fxi7r_', 'page': 5}, 'chunk_id': '8e429cc0-1171-4902-90f3-d651910a23a7', 'document_id': None, 'page_content_hash': '35b4c3d57158666c12fac88ad930f7ff'}, {'page_content': 'electrode. The midpoint potential was calculated to be 0.438 ± 0.002 V.\nFigure 1a shows that K\n3[Fe(CN) 6] mediated the microbial\ninteraction with the anode in a BES at an applied potential of+0.697 V. C. glutamicum lys C reduced ferricyanide ([Fe(CN)\n6]3−)t o\nferrocyanide ([Fe(CN) 6]4−), which was then reoxidized by the anode.\nThis resulted in transfer of electrons to the anode and the developmentof a catalytic current due to the oxidation of the metabolic substrate.The anodic current increased during the fermentation and reached two\nmaxima of 89.5 μA/cm\n2and 86.8 μA/cm2after 29 hr and after 80 hr,\nrespectively, followed by a slow continuous current decrease\nafterwards (Figure 1a). After 80 hr and 119 hr, 19.67 mM and31.28 mM electrons were transferred to the anode, respectively\n(calculations are explained in supplementary material).\nAs glucose was the only carbon source, we hypothesized that the', 'size': 0, 'metadata': {'source': '/tmp/bit.26562.pdf__l3fxi7r_', 'page': 2}, 'chunk_id': '2222ce14-7983-4af5-a03a-6e045cbd41fc', 'document_id': None, 'page_content_hash': '70b69b93cd3ec58dccbfbba915f9ab0b'}]","Figure 1a shows that K3[Fe(CN)6] mediated the microbial interaction with the anode in a BES at an applied potential of+0.697 V. C. glutamicum lys C reduced ferricyanide ([Fe(CN)6]3−) to ferrocyanide ([Fe(CN)6]4−), which was then reoxidized by the anode. This resulted in transfer of electrons to the anode and the development of a catalytic current due to the oxidation of the metabolic substrate. The anodic current increased during the fermentation and reached two maxima of 89.5 μA/cm2 and 86.8 μA/cm2 after 29 hr and after 80 hr, respectively, followed by a slow continuous current decrease afterwards (Figure 1a). | After demonstrating that C. glutamicum lys C can utilize the anode via a redox mediator as an electron sink, we compared the anodic microbial growth and glucose consumption under anaerobic conditions to open FIGURE 1 (a) Microbial electrochemical characterization of the interaction with the anode via K3[Fe(CN)6] acting as a mediator (blue line) and lacking the mediator (red line).","Figure 1a shows that K3[Fe(CN)6] mediated the microbial interaction with the anode in a BES at an applied potential of+0.697 V. C. glutamicum lys C reduced ferricyanide ([Fe(CN)6]3−) to ferrocyanide ([Fe(CN)6]4−), which was then reoxidized by the anode. This resulted in transfer of electrons to the anode and the development of a catalytic current due to the oxidation of the metabolic substrate. The anodic current increased during the fermentation and reached two maxima of 89.5 μA/cm2 and 86.8 μA/cm2 after 29 hr and after 80 hr, respectively, followed by a slow continuous current decrease afterwards (Figure 1a). | After demonstrating that C. glutamicum lys C can utilize the anode via a redox mediator as an electron sink, we compared the anodic microbial growth and glucose consumption under anaerobic conditions to open FIGURE 1 (a) Microbial electrochemical characterization of the interaction with the anode via K3[Fe(CN)6] acting as a mediator (blue line) and lacking the mediator (red line)."
What are the essential components required for deriving the overall growth reaction for microbial growth and substrate conversion?,"To derive the overall growth reaction for microbial growth and substrate conversion, the essential components required include:

1. The catabolic electron donor–acceptor couple: This is the pair of chemicals involved in the electron transfer during the catabolic reaction, which is the process of breaking down substrates to generate energy.

2. The carbon source: This is the substrate (such as glucose) that microbes use for anabolic processes to synthesize biomass.

3. The nitrogen source: This is required for the synthesis of cellular components such as proteins and nucleic acids.

4. Gibbs energy changes for the reactions: These include the Gibbs energy change for the catabolic reaction (Y_catG), anabolic reaction (Y_anG), and overall growth reaction (Y_ogrG).

5. Biomass specific substrate consumption rates for maintenance purposes (mS): This is the rate at which substrate is consumed to maintain the existing biomass, rather than for growth.

6. Maximum specific growth rate (μ_max) and the actual specific growth rate (μ): These rates are related to how fast the biomass grows under optimal conditions and actual conditions, respectively.

7. Stoichiometric coefficients (Y_rA): These coefficients indicate the amount of each compound produced or consumed in the reactions.

8. Affinity (half-velocity) constants (KS) and threshold concentrations (KST): These parameters are related to the substrate uptake kinetics.

By combining these components and understanding their interplay, the overall growth reaction can be derived, which will describe the stoichiometric relationship between substrate consumption, biomass production, and the generation or consumption of energy.","[{'page_content': 'BIOENERGETICS OF MICROBIAL GROWTH 15\nvalue that indicates the Gibbs energy requirements for\ngrowth independent maintenance process:\nmG=−Ycat\nG·mD\n=−(−2843) ·−0.0033=−9.5 kJ/cmol biomass/h\nIn a later paragraph, we will demonstrate that the\nmG-parameter can be regarded as a temperature depen-\ndent constant for many microbial processes.\nThe actual stoichiometry of the microbial process can be\nregarded as the resultant from growth related substrate\nconversion and biomass production as stoichiometrically\ncharacterized by the maximum biomass yield (1 /Ymax\nD),\nand the maintenance coefﬁcient ( mD) related substrate\nconversion according to the stoichiometry of the catabolic\nreaction equation. As a consequence, the stoichiometriccoefﬁcients of the actual growth stoichiometry can all\nbe calculated from the stoichiometric coefﬁcients in the\nY\nmax\nD-based overall growth reaction and the catabolic\nreaction:\nYi=Ymax\ni+mi\nμ(13)\nWhere Ymax\nifollows directly from the stoichiometry of\nthe overall growth reaction that is conveniently deﬁnedper mole biomass formed. The parameter m\niis calculated\nfrom mD:\nmi=−Ycat\ni·mD (14)\nIn Example 15, the stoichiometric coefﬁcients of the\nactual equation describing substrate conversion and\nmicrobial growth are presented.\nExample 15: Deriving the complete growth stoi-\nchiometry as a function of the growth rate\nWe will consider aerobic growth on glucose in chemo-\nstat type bioreactor as described in Example 14, and\nthe parameters describing the microbial growth sys-tem are 1 /Y\nmax\nD=−3 C-mol biomass/mol glucose, and\nmO2=−0.02 mol O 2/C-mol X/h. The stoichiometry of\nthe catabolic equation for glucose respiration is shownin Example 3, and the stoichiometry of the maximum\ngrowth reaction is shown below:\n−0.33·C\n6H12O6−0.95·O2−0.2·NH+1\n4\n+1·CH 1.8O0.5N0.2+1·HCO−1\n3\n+0.4·H2O+1.2·H+1\nYmax\nQ=−497 kJ heat, Ymax\nG=−475 kJ Gibbs energy\nFrom both stoichiometries the actual stoichiometric\ncoefﬁcient as a function of the growth rate can becalculated using Equation 13. The actual oxygen and\nGibbs energy yield on biomass ( Yogr\nO2,a n d Yogr\nG)a tt h e\ntwo growth rates proposed in Example 15 are:\nAtμ=0.5h−1:\nYogr\nO2=Ymax\nO2+mO2/μ=−0.95−0.02/0.5\n=−0.99mol-O 2/cmol biomass\nYogr\nG=Ymax\nG+mG/μ=−475.1−9.5/0.5\n=−494.1 kJ/cmol biomassAnd at μ=0.02 h−1:\nYogr\nO2=Ymax\nO2+mO2/μ=−0.95−0.02/0.02\n=−1.95 mol-O 2/cmol biomass\nYogr\nG=Ymax\nG+mG/μ=−475.1−9.5/0.02\n=−950.1 kJ/cmol biomass\nAt the lower growth rate maintenance plays a more\nimportant role in the overall stoichiometry of the pro-cess. Per mole biomass formed more oxygen is required\nfor catabolic glucose respiration and the amount of\nGibbs energy dissipated is signiﬁcantly larger as well.These kind of observations enable clear possibilities forprocess optimization: minimization of biomass produc-\ntion or ammonium consumption can be established by\ncultivation at a low growth rate, but requires a largeramount of molecular oxygen per substrate converted.\nA Gibbs Energy Based Method for Determination of Growth\nStoichiometry\nIn the previous paragraphs, methods have been provided\nfor identiﬁcation of the stoichiometry of a microbial growthsystem as a function of the growth rate ( μ) as a function\nof two key parameters, Y\nmax\nDand m D. In this paragraph,\na bioenergetic framework is described that allows for pre-diction of realistic values for Y\nmax\nDand m D.\nThe Gibbs energy stoichiometric parameter Yogr\nGhas\nalready been introduced as one of the stoichiometric coef-\nﬁcients in the overall growth reaction (Equation 1). Ifthe electron donor–acceptor couple as well the anabolic\nC-source and N-source are known, and one of the stoi-\nchiometric coefﬁcients has been identiﬁed that allows forrelating the catabolic and anabolic reaction equation, theoverall growth reaction can be derived and Y\nogr\nGcan be\ncalculated (Example 17).\nIn analogy with Equation 9, the Gibbs energy gener-\nated by substrate degradation can be used for growth ormaintenance purposes:\nq\nG=Ymax\nG·μ−Ycat\nG·mD (15)\nWhere −Ycat\nGcorresponds to the biomass speciﬁc Gibbs\nenergy production rate for maintenance purposes ( mG).\nThe actual Gibbs energy dissipation ( Yogr\nG)c a nn o wb e\ndescribed as a function of the actual speciﬁc growth rateand the Gibbs energy requirements for maintenancepurposes:\nY\nogr\nG=Ymax\nG+mG\nμ(16)\nwhere Ymax\nGis the minimum Gibbs energy needed to make\n1 cmol of biomass (kJ/cmol X) and m Gis the Gibbs energy\nneeded for biomass maintenance (kJ/cmol X/h).\nBoth terms in Equation 16 have a negative sign. Con-\nsequently at high μvalues, the m G/μterm becomes\nnegligible and Yogr\nGbecomes practically equal to Ymax\nG.\nAt low growth rates, mG/μdominates over Ymax\nGandYogr\nG\nis much smaller.\nIn the past decade two simple correlations have been\nfound which allow for estimation of Ymax\nGand m G.T h e s e\ncorrelations were established using a very large body of', 'size': 0, 'metadata': {'document_name': 'heijnen2010.pdf', 'page': 14, 'source': 'heijnen2010.pdf'}, 'chunk_id': '8853c890-a977-4da0-a94b-3f85096f70f1', 'document_id': None, 'page_content_hash': '8cadbdbe4d61e4749043e8b19f3ab395'}, {'page_content': 'be calculated from the stoichiometric coefﬁcients in the\nY\nmax\nD-based overall growth reaction and the catabolic\nreaction:\nYi=Ymax\ni+mi\nμ(13)\nWhere Ymax\nifollows directly from the stoichiometry of\nthe overall growth reaction that is conveniently deﬁnedper mole biomass formed. The parameter m\niis calculated\nfrom mD:\nmi=−Ycat\ni·mD (14)\nIn Example 15, the stoichiometric coefﬁcients of the\nactual equation describing substrate conversion and\nmicrobial growth are presented.\nExample 15: Deriving the complete growth stoi-\nchiometry as a function of the growth rate\nWe will consider aerobic growth on glucose in chemo-\nstat type bioreactor as described in Example 14, and\nthe parameters describing the microbial growth sys-tem are 1 /Y\nmax\nD=−3 C-mol biomass/mol glucose, and\nmO2=−0.02 mol O 2/C-mol X/h. The stoichiometry of\nthe catabolic equation for glucose respiration is shownin Example 3, and the stoichiometry of the maximum\ngrowth reaction is shown below:\n−0.33·C\n6H12O6−0.95·O2−0.2·NH+1\n4', 'size': 0, 'metadata': {'source': '/tmp/heijnen2010.pdf__sc8zri2b', 'page': 14}, 'chunk_id': 'eeef076c-0180-4952-a707-212d1802dff0', 'document_id': None, 'page_content_hash': '968fa7002dda276e366c89ac5a482d1f'}, {'page_content': 'Y\nogr\nG=Yan\nG+(−Yogr\nD+Yan\nD)·Ycat\nG(6)\nThe Gibbs energy dissipation for the production of 1\nC-mol biomass is an important characteristic of a microbialgrowth process. In a later paragraph, we will see that theactual value for Y\nogr\nGdepends on the carbon chain length\nand the degree of reduction of the carbon source in caseof heterotrophic growth, and only on the nature of the\nelectron donor for autotrophic growth.\nA GENERALIZED MODEL FOR MICROBIAL GROWTH\nThe Herbert–Pirt Relationship for Microbial Substrate\nConversion and Growth\nIn the previous paragraphs we have derived generalized\nequations for the stoichiometry of the catabolic, anabolic,and the overall growth reaction. A full stoichiometry canbe obtained by identifying the Gibbs energy generat-ing catabolic electron donor–acceptor couple, the carbon,\nand nitrogen source for anabolic biomass production, and', 'size': 0, 'metadata': {'source': '/tmp/heijnen2010.pdf__sc8zri2b', 'page': 10}, 'chunk_id': '187a1757-fe6c-4116-8cb2-354be1e11977', 'document_id': None, 'page_content_hash': 'c493ce1f5a32d49b94d1c2feea917baf'}, {'page_content': 'BIOENERGETICS OF MICROBIAL GROWTH 23\nneed to establish mass balances for the growth lim-\niting substrate (Lac) and biomass ( X):\ndCLac\ndt=D·(CiLac−CLac)\n+qmax\nLac·CLac\nKLac+CLac·CX=0\ndCX\ndt=D·(CiX−CX)+1/Ymax\nLac\n·/parenleftbigg\nqmax\nLac·CLac\nKLac+CLac−mLac/parenrightbigg\n·CX=0\nWhere Dis the dilution rate equaling the micro-\nbial growth rate ( μ) in a chemostat. The biomass\nmass balance can be solved to calculate the efﬂuent\nconcentration lactate:\nCLac(D)=KS·(D+1/Ymax\nLac·mLac)\n1/Ymax\nLac·(qmax\nLac−mLac)−D\nKnowing the lactate concentration as a function of\nthe dilution rate, enables the calculation of the efﬂu-\nent biomass concentration by solving the lactate\nmass balance:\nCX(D)=−D·(CiLac−CLac)·(KLac+CLac)\nqmax\nLac·CLac\nWe presume a chemostat and for all compounds ( P)\ninvolved in the metabolic system the following mass\nbalance holds:\ndCP\ndt=D·(CPi−CP)+qP·X=0\nand C Piis the inﬂuent concentration of compounds P.\nAccording to Equation 9 the biomass speciﬁc conversion\nrate of compound Pequals:\nqP=Ymax\nP·μ−Ycat\nP·mLac\nCombining these two equation allows us to derive\nan equation that can be used to calculate the efﬂuent\nconcentration Pas a function of D:\nCP=(Ymax\nP·μ+−Ycat\nP·mLac)·CX+D·CiP\nD\nThis equation holds for all compounds participating\nin the catabolic and anabolic reactions. Using theseequations, we can calculate the overall efﬂuent con-\ncentrations of all compounds in the metabolic system\nas shown in Fig. 9. It should be noted that this can\nonly be regarded as a ﬁrst version of a bioreactor\nmodel since processes like phase transfer as will occur\ndue to gaseous emission of hydrogen sulﬁde (H\n2S(g))\nor acid-base equilibria are not included. Still, a full\ndescription of the operational performance of the biore-\nactor can be predicted based on deﬁnition of the electron\ndonor–acceptor couple, and the carbon and nitrogen\nsource only.\nThe results obtained using this methodology should\nnot be regarded as a highly accurate system description\nsince they are based on numerous biokinetic generaliza-\ntions. However, it may serve as a reference method for aﬁrst evaluation of a microbial system under investigation.\nIt allows for direct comparison between measured and\npredicted stoichiometric and biokinetic properties. Strong\ndeviations from the predicted properties suggest atypical\nbehavior and may raise interest for investigating the rea-\nson why the strong differences from the typical situation\noccurs. We further consider the methodology developed\nuseful for educational purposes because it is based on\ngeneralized thermodynamic principles, providing funda-\nmental sciences based description of microbial substrate\nconversion and growth.\nNOMENCLATURE\nSymbol Description, value and unit\n/Delta1G0\nr,/Delta1G01\nr,/Delta1G1\nr Gibbs energy change for reaction r,\nin standard conditions ( /Delta1G0\nr),\ncorrected for the biological pH\nreference value of 7 ( /Delta1G01\nr), and\ncorrected for the actualenvironmental conditions ( /Delta1G\n1\nr)\n[kJ/reaction]\n/Delta1H0\nr,/Delta1H01\nr,/Delta1H1\nr Enthalpy change for reaction r\n[kJ/reaction]. Superscripts as\ndescribed for the Gibbs energy\nchange.\nμ,μmax(or qX,qmax\nX) (Maximum) speciﬁc\ngrowth rate [cmol X/cmol X/h or 1/h]\nKS Afﬁnity (or half velocity) constant for\nsubstrate (S) uptake [mol/L]\nKST Substrate (S) threshold\nconcentration [mol/L]\nmS Biomass speciﬁc substrate (S)\nconsumption rate for maintenance\npurposes [mole S per cmol X per\nhour]\nmG Biomass speciﬁc Gibbs energy (G)\nproduction/consumption rate for\nmaintenance purposes [mol\nS/cmol X/h]\nqS,qmax\nS(Maximum) biomass speciﬁc\nsubstrate (S) uptake rate [mol\nS/cmol X/h]\nqG,qmax\nG(Maximum) biomass speciﬁc Gibbs\nenergy (G) production/consumptionrate [kJ/cmol X/h]\nR Gas constant [8.314 J/mol/K]\nY\nr\nAStoichiometric coefﬁcient for\nproduction/consumption of\ncompound A, in reaction r [mol\nA/mol B]. Reaction r can be cat\n(catabolism), an (anabolism), ogr\n(overall growth reaction) or max\n(overall growth reaction at the\nmaximum biomass yield as deﬁned\nby Pirt (10))\nYr\nGGibbs energy yield in reaction r\n[kJ/mol B].', 'size': 0, 'metadata': {'document_name': 'heijnen2010.pdf', 'page': 22, 'source': 'heijnen2010.pdf'}, 'chunk_id': '05366c8e-3aaa-483d-9414-9f50f21899d1', 'document_id': None, 'page_content_hash': 'fac0b1e6450aa7ddd0f0303b5dd50399'}, {'page_content': 'BIOENERGETICS OF MICROBIAL GROWTH 23\nneed to establish mass balances for the growth lim-\niting substrate (Lac) and biomass ( X):\ndCLac\ndt=D·(CiLac−CLac)\n+qmax\nLac·CLac\nKLac+CLac·CX=0\ndCX\ndt=D·(CiX−CX)+1/Ymax\nLac\n·/parenleftbigg\nqmax\nLac·CLac\nKLac+CLac−mLac/parenrightbigg\n·CX=0\nWhere Dis the dilution rate equaling the micro-\nbial growth rate ( μ) in a chemostat. The biomass\nmass balance can be solved to calculate the efﬂuent\nconcentration lactate:\nCLac(D)=KS·(D+1/Ymax\nLac·mLac)\n1/Ymax\nLac·(qmax\nLac−mLac)−D\nKnowing the lactate concentration as a function of\nthe dilution rate, enables the calculation of the efﬂu-\nent biomass concentration by solving the lactate\nmass balance:\nCX(D)=−D·(CiLac−CLac)·(KLac+CLac)\nqmax\nLac·CLac\nWe presume a chemostat and for all compounds ( P)\ninvolved in the metabolic system the following mass\nbalance holds:\ndCP\ndt=D·(CPi−CP)+qP·X=0\nand C Piis the inﬂuent concentration of compounds P.\nAccording to Equation 9 the biomass speciﬁc conversion', 'size': 0, 'metadata': {'source': '/tmp/heijnen2010.pdf__sc8zri2b', 'page': 22}, 'chunk_id': 'a77c83f0-c597-444f-b187-990598fd5128', 'document_id': None, 'page_content_hash': '2a69feb098d3b84b17074e3f9c2e7ec1'}]","The overall growth reaction can therefore be regarded as a compact, but exact, form of notation of the relevant stoichiometry of grow | Taking into account the compounds required for a generalized description of microbial growth systems, we can derive the overall growth reaction for microbial growth and substrate conversion:
YogrD·mol electron donor +YogrN·N-source +YogrA·mol electron acceptor +1·(C-)mol biomass +YogrQ·(heat) +YogrG·Gibbs energy +(...)·H2O+(...)·HCO−13+(...)·H+1(1)","The overall growth reaction can therefore be regarded as a compact, but exact, form of notation of the relevant stoichiometry of grow | Taking into account the compounds required for a generalized description of microbial growth systems, we can derive the overall growth reaction for microbial growth and substrate conversion:
YogrD·mol electron donor +YogrN·N-source +YogrA·mol electron acceptor +1·(C-)mol biomass +YogrQ·(heat) +YogrG·Gibbs energy +(...)·H2O+(...)·HCO−13+(...)·H+1(1)"
How does the creation of a proton motive force drive ATP synthesis during electrically enhanced fermentations?,"The creation of a proton motive force (PMF) drives ATP synthesis during electrically enhanced fermentations by providing the energy necessary for the ATP synthase enzyme to convert adenosine diphosphate (ADP) and inorganic phosphate (Pi) into adenosine triphosphate (ATP). In the context provided, during electrically enhanced fermentations, such as those involving the bacterium Actinobacillus succinogenes, electrons from a cathode can be transferred into the microbial cells.

These electrons can be used in intracellular reactions, such as the reduction of fumarate to succinate by the fumarate reductase complex, which is coupled to the translocation of protons across the inner membrane. This electron transfer and the associated intracellular reactions consume protons, which leads to a proton gradient across the membrane – more protons outside the cell than inside.

The PMF consists of two components: a difference in proton concentration (a chemical gradient, or ΔpH) and a difference in electrical charge across the membrane (an electrical potential, or Δψ), since protons carry a positive charge. This gradient represents stored energy.

ATP synthase, an enzyme embedded in the membrane, harnesses this stored energy. As protons flow back into the cell through ATP synthase, driven by the PMF, the enzyme uses the energy from this flow to catalyze the synthesis of ATP from ADP and Pi. This process is known as chemiosmotic coupling and is a fundamental mechanism by which cells generate the ATP necessary for cellular processes.","[{'page_content': 'cathodic electron transfer there is a general concept pro-\nposed that assumes the creation of a proton motive force\nby intracellular electron consumption, which is available\nfor ATP synthesis [5,11,23,24]. In mediated electrically\nenhanced fermentations of Actinobacillus succinogenes\nPark and Zeikus observed an electron flow from the\ncathode into the product succinate [25]. Simultaneously,\nthe electron transfer via the reduced mediator NeutralRed and the proton-pumping fumarate reductase complex\nofA. succinogenes induced proton translocation and there-\nfore increased ATP synthesis [26]. While the activity of\nthe proton pumping fumarate reductase of A. succinogenes\nis most likely solely responsible for the reported increase\nin proton flux through the ATPase complex, nowadays\nthe theory about cathodic EET generally assumes that all\nelectrons supplied by EET enter the cytoplasm as negative\ncharge and catalyse intracellular, proton consuming reduc-', 'size': 0, 'metadata': {'source': '/tmp/Kracke-Krömer2014_Article_IdentifyingTargetProcessesForM.pdf__jjh8xpfy', 'page': 1}, 'chunk_id': '3986e43a-01ac-434c-8e54-20d160164aa2', 'document_id': None, 'page_content_hash': 'e11958dbdd2baa5a459495267a4e3640'}, {'page_content': 'Aim of this work is to present a useful analysis tool,\nwhich is able to identify beneficial production processes\nfor microbial electrosynthesis, and at the same time\nenables insight into the energy conservation possibilities\nduring anaerobic electrically enhanced fermentation.\nUsing in silico approach to calculate the metabolic impact\nof different electron transport routes during electrically\nenhanced fermentation enables the evaluation of different\nmechanisms while current knowledge gaps remain. Pandit\net al. recently presented a first computational approach\nthat characterized the general role of bio electrosynthesis\nin chemical production using a genome scale metabolic\nmodel of E. coli [24]. Within their model it is assumed\nthat cathodic electrons enter the metabolism and directly\nreduce NAD+to NADH. Analogous to the theory dis-\ncussed before the authors precariously assume the crea-\ntion of a proton motive force that drives ATP synthesis', 'size': 0, 'metadata': {'source': '/tmp/Kracke-Krömer2014_Article_IdentifyingTargetProcessesForM.pdf__jjh8xpfy', 'page': 1}, 'chunk_id': '8380c7ca-af4a-4400-8173-0031a169c2ab', 'document_id': None, 'page_content_hash': '4331680c1303bfc0b22e7c0fc522ce3e'}, {'page_content': 'neutrality, for each electron transferred to the anode, one positivecharge (i.e., a proton) has to migrate to the cathode. If succinate DH\nwould directly reduce the mediator no protons would be translocated\nand the available proton motive force to drive ATP synthase would\nFIGURE 4 Effect of higher biomass inoculum on anodic electro-\nfermentation. Time courses of (a) bacterial growth and glucoseconsumption, (b) main organic acid and amino acid production of C.\nglutamicum lys C in a BES under anaerobic conditions and poised\npotential at +0.697 V vs SHE with addition of K\n3[Fe(CN) 6]. The BES\nwas inoculated with a OD 660of 3.65. Gray area indicates time\nframe when glucose was consumed. Data have been averaged fromtwo biological replicates1504|\nVASSILEV ET AL.', 'size': 0, 'metadata': {'source': '/tmp/bit.26562.pdf__l3fxi7r_', 'page': 5}, 'chunk_id': '28157118-77de-4b12-8c13-d0e3df1dedbd', 'document_id': None, 'page_content_hash': '1172c68435b374051327f12cc123e7b5'}, {'page_content': 'the theory about cathodic EET generally assumes that all\nelectrons supplied by EET enter the cytoplasm as negative\ncharge and catalyse intracellular, proton consuming reduc-\ntions. Simultaneously, the proton consumption would lead\nto a proton gradient across the inner membrane that\ndrives ATP synthesis [5]. But is this the only possibility?\nObserved is poor growth in very thin biofilms on cathodes\n[15,18], which seems to be surprising if cathodic EET\ncould deliver redox power as well as energy (NADH and\nATP). So the questions are: Are the protons involved in\ncathodic electron transfer generally available for ATP\ngeneration? And does electron transfer towards an anode\nalways occur by the respiratory chain which thereby\ncreates a proton gradient? What other ways of EET could\noccur and how would this impact production?\nAim of this work is to present a useful analysis tool,\nwhich is able to identify beneficial production processes\nfor microbial electrosynthesis, and at the same time', 'size': 0, 'metadata': {'source': '/tmp/Kracke-Krömer2014_Article_IdentifyingTargetProcessesForM.pdf__jjh8xpfy', 'page': 1}, 'chunk_id': 'd684aa63-24cb-4d55-816f-8f4ca13b5563', 'document_id': None, 'page_content_hash': '9be2454646e1981fe84748be64ce5e5a'}, {'page_content': 'Opinion\nElectro-Fermentation: How To\nDrive Fermentation Using\nElectrochemical Systems\nRoman Moscoviz,1Javiera Toledo-Alarcón,1Eric Trably,1and\nNicolas Bernet1,*\nElectro-fermentation (EF) is a novel process that consists of electrochemically\ncontrolling microbial fermentative metabolism with electrodes. The electrodes\ncan act as either electron sinks or sources that allow unbalanced fermentation.\nThey can also modify the medium by changing the redox balance. Such elec-trochemical control exerts signi ﬁcant effects not only on microbial metabolism\nand cellular regulation but also on interspecies interactions and the selection of\nbacterial populations in mixed microbial cultures. In this paper we propose\nsome basics and principles to better de ﬁne the EF concept within the ﬁeld of\nbioelectrochemistry. We also explore the up-to-date strategies to put EF into\npractice and propose hypothetical mechanisms that could explain the ﬁrst EF\nresults reported in the literature.', 'size': 0, 'metadata': {'source': '/tmp/moscoviz2016.pdf__mchdgm52', 'page': 0}, 'chunk_id': '6f379344-304a-477c-b14d-e037055d11b0', 'document_id': None, 'page_content_hash': '89645c99a5d8f3a382bd91835ef0d3cc'}]","While the activity of the proton pumping fumarate reductase of A. succinogenes is most likely solely responsible for the reported increase in proton flux through the ATPase complex, nowadays the theory about cathodic EET generally assumes that all electrons supplied by EET enter the cytoplasm as negative charge and catalyse intracellular, proton consuming reductions. Simultaneously, the proton consumption would lead to a proton gradient across the inner membrane that drives ATP synthesis [5]. | Observed is poor growth in very thin biofilms on cathodes [15,18], which seems to be surprising if cathodic EET could deliver redox power as well as energy (NADH and ATP). So the questions are: Are the protons involved in cathodic electron transfer generally available for ATP generation? And does electron transfer towards an anode always occur by the respiratory chain which thereby creates a proton gradient?","While the activity of the proton pumping fumarate reductase of A. succinogenes is most likely solely responsible for the reported increase in proton flux through the ATPase complex, nowadays the theory about cathodic EET generally assumes that all electrons supplied by EET enter the cytoplasm as negative charge and catalyse intracellular, proton consuming reductions. Simultaneously, the proton consumption would lead to a proton gradient across the inner membrane that drives ATP synthesis [5]. | Observed is poor growth in very thin biofilms on cathodes [15,18], which seems to be surprising if cathodic EET could deliver redox power as well as energy (NADH and ATP). So the questions are: Are the protons involved in cathodic electron transfer generally available for ATP generation? And does electron transfer towards an anode always occur by the respiratory chain which thereby creates a proton gradient?"
What challenges exist in developing suitable microorganisms and scalable equipment for electrofermentation and microbial electrosynthesis?,"Developing suitable microorganisms and scalable equipment for electrofermentation and microbial electrosynthesis presents several challenges, including:

1. High Energy Input: A relatively high energy input is required for converting CO2 into useful products and for obtaining relevant dissolved CO2 concentrations.

2. Optimization of Microbial Catalysts: The biggest challenge is the optimization of the microbial catalyst. Understanding the actual metabolic processes of microbe and electrode interaction is crucial as it will influence the choice of organism and could impact the overall process efficiency.

3. Understanding Microbe-Electrode Interactions: There is a need for a thorough understanding of the metabolic response to electrical enhancement in microbial fuel cells. Key reactions have been identified, but a complete understanding has not been achieved.

4. Knowledge on Cathodic Electron Transport: More knowledge about cathodic electron transport and extracellular electron transfer (EET) capabilities of model organisms is needed, especially for the focus of microbial electrosynthesis.

5. Electron and Carbon Distribution: The stoichiometric analysis of electron and carbon distribution during electrofermentation of waste is important to understand the efficiency and productivity of the process.

These challenges require interdisciplinary approaches combining biotechnology, microbiology, engineering, and other fields to advance the development of microbial electrochemical technologies beyond fundamental studies.","[{'page_content': '5. Lovley DR: Powering microbes with electricity: direct electron transfer\nfrom electrodes to microbes. Environ Microbiol Rep 2011, 3(1):27 –35.\n6. Rabaey K, Rozendal RA: Microbial electrosynthesis —revisiting the\nelectrical route for microbial production. Nat Rev Micro 2010,\n8(10):706 –716.\n7. Rosenbaum MA, Franks AE: Microbial catalysis in bioelectrochemical\ntechnologies: status quo, challenges and perspectives. Appl Microbiol\nBiotechnol 2014, 98(2):509 –518.\n8. Venkata Mohan S, Velvizhi G, Vamshi Krishna K, Lenin Babu M: Microbial\ncatalyzed electrochemical systems: a bio-factory with multi-facet\napplications. Bioresour Technol 2014, 165:355–364.\n9. Hallenbeck PC: The Future of Biofuels, Biofuels of the Future. InMicrobial\nTechnologies in Advanced Biofuels Production. New York: Springer;\n2012:261 –268.\n10. Patil SA, Haegerhaell C, Gortin L: Electron transfer mechanisms between\nmicroorganisms and electrodes in bioelectrochemical systems. Bioanal\nRev2012, 4:159–192.', 'size': 0, 'metadata': {'source': '/tmp/Kracke-Krömer2014_Article_IdentifyingTargetProcessesForM.pdf__jjh8xpfy', 'page': 12}, 'chunk_id': '63909a41-8f93-49de-b858-00caec7a7b6d', 'document_id': None, 'page_content_hash': 'aa07e8de4c02cd14eb8c7d346cb38abb'}, {'page_content': ""ciently abundant in biomass might become acce ssible via biotechnology, without using fossil\nsources ( Box 2 ).\nThe carbon for electrofermentation might originate from biomass, or more commonly from CO\n2\n(then called 'microbial electrosynthesis'). However, a relatively high energy input is required for\nconverting CO 2into useful products and for obtaining relevant dissolved CO 2concentrations. De-\nveloping suitable microorganisms and scalable equipment for electrofermentation and microbial\nelectrosynthesis is a formidable challenge. Direct transfer of electrons to bio ﬁlms on electrodesGlossary\nBiological engineering: systematic\napproaches to obtain the best possibleorganism(s) for a desired performance.Computational fluid dynamics:numerically simulating systems involvingﬂuidﬂow.\nCRISPR/Cas: a method for removing\nand adding genes at a desired location inthe genome of a cell.Electrofermentation: af e r m e n t a t i o n"", 'size': 0, 'metadata': {'source': '/tmp/Straathof_etal_2019.pdf__8rzfz7tj', 'page': 1}, 'chunk_id': 'bc7127ce-2e09-41d6-9d6b-ef61b30d72f6', 'document_id': None, 'page_content_hash': 'ee6b4439489f81e1aa1bfc5402ff2125'}, {'page_content': 'biotechnology for energy generation. Trends Biotechnol. 23, 291 –298\n4.Logan, B.E. et al. (2006) Microbial fuel cells: methodology and\ntechnology. Environ. Sci. Technol. 40, 5181 –5192\n5.Venkata Mohan, S. et al. (2014) Microbial fuel cell: critical factors\nregulating bio-catalyzed electrochemical process and recent\nadvancements. Renew. Sustain. Energy Rev. 40, 779 –7976.Jafary, T. et al. (2015) Biocathode in microbial electrolysis cell;\npresent status and future prospects. Renew. Sustain. Energy Rev.\n47, 23 –33\n7.Zhang, Y. and Angelidaki, I. (2014) Microbial electrolysis cells\nturning to be versatile technology: recent advances and future\nchallenges. Water Res. 56, 11 –25\n8.Rabaey, K. and Rozendal, R.A. (2010) Microbial electrosynthesis –\nrevisiting the electrical route for microbial production. Nat. Rev.\nMicrobiol. 8, 706 –716\n9.Lovley, D.R. and Nevin, K.P. (2013) Electrobiocommodities:\npowering microbial production of fuels and commodity chemicalsOutstanding Questions', 'size': 0, 'metadata': {'source': '/tmp/moscoviz2016.pdf__mchdgm52', 'page': 7}, 'chunk_id': '5a21d244-64d3-42f8-b883-26a231c591c4', 'document_id': None, 'page_content_hash': 'b45448399ea56f40eabdb8a727f84e9c'}, {'page_content': 'published electrically enhanced fermentations display in\ngeneral proof-of-concept-studies, interesting substrate\nand product combinations still have to be investigated.\nThe biggest challenge to drive microbial electrochemical\ntechnologies beyond fundamental studies is the opti-\nmisation of the microbial catalyst. Therefore the actual\nmetabolic processes of microbe and electrode interaction\nneed to be unveiled as they will not only decide about\nthe choice of organism but might also play an important\nrole for the achievable process benefit.\nThe research field of microbial fuel cells studies\nmicrobe-electrode interactions for many years. While key\nreactions could be identified a thorough understanding of\nthe metabolic response to electrical enhancement has not\nbeen achieved yet [10,11]. The focus of microbial elec-\ntrosynthesis especially requires more knowledge about\ncathodic electron transport and extracellular electron\ntransfer (EET) capabilities of model organisms for produc-', 'size': 0, 'metadata': {'source': '/tmp/Kracke-Krömer2014_Article_IdentifyingTargetProcessesForM.pdf__jjh8xpfy', 'page': 1}, 'chunk_id': '93b461a1-c350-4de8-9ecd-b8660c453612', 'document_id': None, 'page_content_hash': 'd0c9c7f132b9e1dadc4df9d60b6947d9'}, {'page_content': ""through biocatalyzed electrofermentation of waste: stoichiometric\nanalysis of electron and carbon distribution. Energy 88, 281 –291\n37.Nikhil, G.N. et al. (2015) Closed circuitry operation in ﬂuence on\nmicrobial electrofermentation: proton/electron ef ﬂuxes on electro-\nfuels productivity. Bioresour. Technol.\n195, 37 –45\n38.Thrash, J.C. et al. (2008) Review: direct and indirect electrical\nstimulation of microbial metabolism. Environ. Sci. Technol. 42,\n3921 –3931\n39.Lovley, D.R. et al. (2011) Geobacter: the microbe electric's physi-\nology, ecology, and practical applications. Adv. Microb. Physiol.\n59, 1 –100\n40.Choi, O. and Sang, B.I. (2016) Biotechnology for biofuels: extra-\ncellular electron transfer from cathode to microbes: application forbiofuel production. Biotechnol. Biofuels 9, 11\n41.Hoelzle, R.D. et al. (2014) Regulation mechanisms in mixed and pure\nculture microbial fermentation. Biotechnol. Bioeng. 111, 2139 –2154"", 'size': 0, 'metadata': {'source': '/tmp/moscoviz2016.pdf__mchdgm52', 'page': 8}, 'chunk_id': '41e6bccc-d869-4460-8689-7e95c36013e5', 'document_id': None, 'page_content_hash': 'f4d1bdc31b101a0caf48352ce964ab11'}]",Developing suitable microorganisms and scalable equipment for electrofermentation and microbial electrosynthesis is a formidable challenge. Direct transfer of electrons to biofilms on electrodesGlossary Biological engineering: systematic approaches to obtain the best possible organism(s) for a desired performance.Computational fluid dynamics: numerically simulating systems involving fluid flow.,Developing suitable microorganisms and scalable equipment for electrofermentation and microbial electrosynthesis is a formidable challenge. Direct transfer of electrons to biofilms on electrodesGlossary Biological engineering: systematic approaches to obtain the best possible organism(s) for a desired performance.Computational fluid dynamics: numerically simulating systems involving fluid flow.
